query_text,Player,Squad,Pos,Nation,Age,MP,Starts,Min,90s,CrdY,CrdR,score,player_profile
position_goalkeeper regular_starter elite_minutes_played high_minutes_played matches_played starts minutes_played,Ederson,Manchester City,GK,BRA,30,26,26,2320,25.8,4,0,7.761947072562372,identity: player (Player): Ederson | nation (Nation): BRA | position (Pos): goalkeeper (GK) | club (Squad): Manchester City | age (Age): 30 | birth_year (Born): 1993 || attacking_stats: goals (Gls): 0 | assists (Ast): 4 | expected_goals (xG): 0.0 | expected_assists (xAG): 1.5 | non_penalty_expected_goals (npxG): 0.0 | expected_goal_involvements (xG+xAG): 0.06 || progression_stats: progressive_carries (PrgC): 0 | progressive_passes (PrgP): 2 | progressive_receptions (PrgR): 0 || usage_stats: matches_played (MP): 26 | starts (Starts): 26 | minutes_played (Min): 2320 | full_match_equivalents (90s): 25.8 || discipline_stats: yellow_cards (CrdY): 4 | red_cards (CrdR): 0 || tags: nation_bra | position_goalkeeper | medium_goals | elite_assists | low_expected_goals | high_expected_assists | low_progressive_carries | low_progressive_passes | low_progressive_receptions | elite_minutes_played | regular_starter
position_goalkeeper regular_starter elite_minutes_played high_minutes_played matches_played starts minutes_played,Mark Flekken,Brentford,GK,NED,31,37,37,3275,36.4,1,0,7.228866243190795,identity: player (Player): Mark Flekken | nation (Nation): NED | position (Pos): goalkeeper (GK) | club (Squad): Brentford | age (Age): 31 | birth_year (Born): 1993 || attacking_stats: goals (Gls): 0 | assists (Ast): 2 | expected_goals (xG): 0.0 | expected_assists (xAG): 0.5 | non_penalty_expected_goals (npxG): 0.0 | expected_goal_involvements (xG+xAG): 0.01 || progression_stats: progressive_carries (PrgC): 0 | progressive_passes (PrgP): 0 | progressive_receptions (PrgR): 0 || usage_stats: matches_played (MP): 37 | starts (Starts): 37 | minutes_played (Min): 3275 | full_match_equivalents (90s): 36.4 || discipline_stats: yellow_cards (CrdY): 1 | red_cards (CrdR): 0 || tags: nation_ned | position_goalkeeper | medium_goals | high_assists | low_expected_goals | medium_expected_assists | low_progressive_carries | low_progressive_passes | low_progressive_receptions | elite_minutes_played | regular_starter
position_goalkeeper regular_starter elite_minutes_played high_minutes_played matches_played starts minutes_played,Bernd Leno,Fulham,GK,GER,32,38,38,3420,38.0,5,0,7.228866243190795,identity: player (Player): Bernd Leno | nation (Nation): GER | position (Pos): goalkeeper (GK) | club (Squad): Fulham | age (Age): 32 | birth_year (Born): 1992 || attacking_stats: goals (Gls): 0 | assists (Ast): 1 | expected_goals (xG): 0.0 | expected_assists (xAG): 0.1 | non_penalty_expected_goals (npxG): 0.0 | expected_goal_involvements (xG+xAG): 0.0 || progression_stats: progressive_carries (PrgC): 0 | progressive_passes (PrgP): 0 | progressive_receptions (PrgR): 0 || usage_stats: matches_played (MP): 38 | starts (Starts): 38 | minutes_played (Min): 3420 | full_match_equivalents (90s): 38.0 || discipline_stats: yellow_cards (CrdY): 5 | red_cards (CrdR): 0 || tags: nation_ger | position_goalkeeper | medium_goals | high_assists | low_expected_goals | low_expected_assists | low_progressive_carries | low_progressive_passes | low_progressive_receptions | elite_minutes_played | regular_starter
position_goalkeeper regular_starter elite_minutes_played high_minutes_played matches_played starts minutes_played,Jordan Pickford,Everton,GK,ENG,30,38,38,3420,38.0,7,0,7.228866243190795,identity: player (Player): Jordan Pickford | nation (Nation): ENG | position (Pos): goalkeeper (GK) | club (Squad): Everton | age (Age): 30 | birth_year (Born): 1994 || attacking_stats: goals (Gls): 0 | assists (Ast): 1 | expected_goals (xG): 0.0 | expected_assists (xAG): 0.4 | non_penalty_expected_goals (npxG): 0.0 | expected_goal_involvements (xG+xAG): 0.01 || progression_stats: progressive_carries (PrgC): 0 | progressive_passes (PrgP): 0 | progressive_receptions (PrgR): 0 || usage_stats: matches_played (MP): 38 | starts (Starts): 38 | minutes_played (Min): 3420 | full_match_equivalents (90s): 38.0 || discipline_stats: yellow_cards (CrdY): 7 | red_cards (CrdR): 0 || tags: nation_eng | position_goalkeeper | medium_goals | high_assists | low_expected_goals | medium_expected_assists | low_progressive_carries | low_progressive_passes | low_progressive_receptions | elite_minutes_played | regular_starter
position_goalkeeper regular_starter elite_minutes_played high_minutes_played matches_played starts minutes_played,Bart Verbruggen,Brighton,GK,NED,21,36,36,3240,36.0,5,0,7.228866243190795,identity: player (Player): Bart Verbruggen | nation (Nation): NED | position (Pos): goalkeeper (GK) | club (Squad): Brighton | age (Age): 21 | birth_year (Born): 2002 || attacking_stats: goals (Gls): 0 | assists (Ast): 1 | expected_goals (xG): 0.0 | expected_assists (xAG): 0.0 | non_penalty_expected_goals (npxG): 0.0 | expected_goal_involvements (xG+xAG): 0.0 || progression_stats: progressive_carries (PrgC): 0 | progressive_passes (PrgP): 2 | progressive_receptions (PrgR): 0 || usage_stats: matches_played (MP): 36 | starts (Starts): 36 | minutes_played (Min): 3240 | full_match_equivalents (90s): 36.0 || discipline_stats: yellow_cards (CrdY): 5 | red_cards (CrdR): 0 || tags: nation_ned | position_goalkeeper | medium_goals | high_assists | low_expected_goals | low_expected_assists | low_progressive_carries | low_progressive_passes | low_progressive_receptions | elite_minutes_played | regular_starter
position_goalkeeper regular_starter elite_minutes_played high_minutes_played matches_played starts minutes_played,Guillaume Restes,Toulouse,GK,FRA,19,29,29,2543,28.3,2,0,7.228866243190795,identity: player (Player): Guillaume Restes | nation (Nation): FRA | position (Pos): goalkeeper (GK) | club (Squad): Toulouse | age (Age): 19 | birth_year (Born): 2005 || attacking_stats: goals (Gls): 0 | assists (Ast): 1 | expected_goals (xG): 0.0 | expected_assists (xAG): 0.1 | non_penalty_expected_goals (npxG): 0.0 | expected_goal_involvements (xG+xAG): 0.0 || progression_stats: progressive_carries (PrgC): 0 | progressive_passes (PrgP): 0 | progressive_receptions (PrgR): 0 || usage_stats: matches_played (MP): 29 | starts (Starts): 29 | minutes_played (Min): 2543 | full_match_equivalents (90s): 28.3 || discipline_stats: yellow_cards (CrdY): 2 | red_cards (CrdR): 0 || tags: nation_fra | position_goalkeeper | medium_goals | high_assists | low_expected_goals | low_expected_assists | low_progressive_carries | low_progressive_passes | low_progressive_receptions | elite_minutes_played | regular_starter
position_goalkeeper regular_starter elite_minutes_played high_minutes_played matches_played starts minutes_played,David de Gea,Fiorentina,GK,ESP,33,34,34,3060,34.0,1,0,7.206108725857943,identity: player (Player): David de Gea | nation (Nation): ESP | position (Pos): goalkeeper (GK) | club (Squad): Fiorentina | age (Age): 33 | birth_year (Born): 1990 || attacking_stats: goals (Gls): 0 | assists (Ast): 1 | expected_goals (xG): 0.0 | expected_assists (xAG): 0.4 | non_penalty_expected_goals (npxG): 0.0 | expected_goal_involvements (xG+xAG): 0.01 || progression_stats: progressive_carries (PrgC): 0 | progressive_passes (PrgP): 0 | progressive_receptions (PrgR): 0 || usage_stats: matches_played (MP): 34 | starts (Starts): 34 | minutes_played (Min): 3060 | full_match_equivalents (90s): 34.0 || discipline_stats: yellow_cards (CrdY): 1 | red_cards (CrdR): 0 || tags: nation_esp | position_goalkeeper | medium_goals | high_assists | low_expected_goals | medium_expected_assists | low_progressive_carries | low_progressive_passes | low_progressive_receptions | elite_minutes_played | regular_starter
position_goalkeeper regular_starter elite_minutes_played high_minutes_played matches_played starts minutes_played,Alexander Nübel,Stuttgart,GK,GER,27,34,34,3060,34.0,0,0,7.206108725857943,identity: player (Player): Alexander Nübel | nation (Nation): GER | position (Pos): goalkeeper (GK) | club (Squad): Stuttgart | age (Age): 27 | birth_year (Born): 1996 || attacking_stats: goals (Gls): 0 | assists (Ast): 1 | expected_goals (xG): 0.0 | expected_assists (xAG): 0.3 | non_penalty_expected_goals (npxG): 0.0 | expected_goal_involvements (xG+xAG): 0.01 || progression_stats: progressive_carries (PrgC): 0 | progressive_passes (PrgP): 0 | progressive_receptions (PrgR): 0 || usage_stats: matches_played (MP): 34 | starts (Starts): 34 | minutes_played (Min): 3060 | full_match_equivalents (90s): 34.0 || discipline_stats: yellow_cards (CrdY): 0 | red_cards (CrdR): 0 || tags: nation_ger | position_goalkeeper | medium_goals | high_assists | low_expected_goals | low_expected_assists | low_progressive_carries | low_progressive_passes | low_progressive_receptions | elite_minutes_played | regular_starter
position_goalkeeper regular_starter elite_minutes_played high_minutes_played matches_played starts minutes_played,Donovan Léon,Auxerre,GK,GUF,31,32,32,2880,32.0,4,0,7.206108725857943,identity: player (Player): Donovan Léon | nation (Nation): GUF | position (Pos): goalkeeper (GK) | club (Squad): Auxerre | age (Age): 31 | birth_year (Born): 1992 || attacking_stats: goals (Gls): 0 | assists (Ast): 2 | expected_goals (xG): 0.0 | expected_assists (xAG): 0.4 | non_penalty_expected_goals (npxG): 0.0 | expected_goal_involvements (xG+xAG): 0.01 || progression_stats: progressive_carries (PrgC): 0 | progressive_passes (PrgP): 1 | progressive_receptions (PrgR): 0 || usage_stats: matches_played (MP): 32 | starts (Starts): 32 | minutes_played (Min): 2880 | full_match_equivalents (90s): 32.0 || discipline_stats: yellow_cards (CrdY): 4 | red_cards (CrdR): 0 || tags: nation_guf | position_goalkeeper | medium_goals | high_assists | low_expected_goals | medium_expected_assists | low_progressive_carries | low_progressive_passes | low_progressive_receptions | elite_minutes_played | regular_starter
position_goalkeeper regular_starter elite_minutes_played high_minutes_played matches_played starts minutes_played,Alisson,Liverpool,GK,BRA,31,28,28,2508,27.9,0,0,6.716838857002398,identity: player (Player): Alisson | nation (Nation): BRA | position (Pos): goalkeeper (GK) | club (Squad): Liverpool | age (Age): 31 | birth_year (Born): 1992 || attacking_stats: goals (Gls): 0 | assists (Ast): 0 | expected_goals (xG): 0.0 | expected_assists (xAG): 0.6 | non_penalty_expected_goals (npxG): 0.0 | expected_goal_involvements (xG+xAG): 0.02 || progression_stats: progressive_carries (PrgC): 0 | progressive_passes (PrgP): 1 | progressive_receptions (PrgR): 0 || usage_stats: matches_played (MP): 28 | starts (Starts): 28 | minutes_played (Min): 2508 | full_match_equivalents (90s): 27.9 || discipline_stats: yellow_cards (CrdY): 0 | red_cards (CrdR): 0 || tags: nation_bra | position_goalkeeper | medium_goals | medium_assists | low_expected_goals | medium_expected_assists | low_progressive_carries | low_progressive_passes | low_progressive_receptions | elite_minutes_played | regular_starter
position_goalkeeper regular_starter elite_minutes_played high_minutes_played matches_played starts minutes_played,Kewin,Moreirense,GK,BRA,28,29,29,2610,29.0,4,0,6.716838857002398,identity: player (Player): Kewin | nation (Nation): BRA | position (Pos): goalkeeper (GK) | club (Squad): Moreirense | age (Age): 28 | birth_year (Born): 1995 || attacking_stats: goals (Gls): 0 | assists (Ast): 0 | expected_goals (xG): 0.0 | expected_assists (xAG): 0.0 | non_penalty_expected_goals (npxG): 0.0 | expected_goal_involvements (xG+xAG): 0.0 || progression_stats: progressive_carries (PrgC): 0 | progressive_passes (PrgP): 0 | progressive_receptions (PrgR): 0 || usage_stats: matches_played (MP): 29 | starts (Starts): 29 | minutes_played (Min): 2610 | full_match_equivalents (90s): 29.0 || discipline_stats: yellow_cards (CrdY): 4 | red_cards (CrdR): 0 || tags: nation_bra | position_goalkeeper | medium_goals | medium_assists | low_expected_goals | low_expected_assists | low_progressive_carries | low_progressive_passes | low_progressive_receptions | elite_minutes_played | regular_starter
position_goalkeeper regular_starter elite_minutes_played high_minutes_played matches_played starts minutes_played,Kepa Arrizabalaga,Bournemouth,GK,ESP,29,31,31,2790,31.0,3,0,6.695923675996994,identity: player (Player): Kepa Arrizabalaga | nation (Nation): ESP | position (Pos): goalkeeper (GK) | club (Squad): Bournemouth | age (Age): 29 | birth_year (Born): 1994 || attacking_stats: goals (Gls): 0 | assists (Ast): 0 | expected_goals (xG): 0.1 | expected_assists (xAG): 0.0 | non_penalty_expected_goals (npxG): 0.1 | expected_goal_involvements (xG+xAG): 0.0 || progression_stats: progressive_carries (PrgC): 0 | progressive_passes (PrgP): 2 | progressive_receptions (PrgR): 0 || usage_stats: matches_played (MP): 31 | starts (Starts): 31 | minutes_played (Min): 2790 | full_match_equivalents (90s): 31.0 || discipline_stats: yellow_cards (CrdY): 3 | red_cards (CrdR): 0 || tags: nation_esp | position_goalkeeper | medium_goals | medium_assists | low_expected_goals | low_expected_assists | low_progressive_carries | low_progressive_passes | low_progressive_receptions | elite_minutes_played | regular_starter
position_goalkeeper regular_starter elite_minutes_played high_minutes_played matches_played starts minutes_played,Aaron Ramsdale,Southampton,GK,ENG,26,30,30,2700,30.0,2,0,6.695923675996994,identity: player (Player): Aaron Ramsdale | nation (Nation): ENG | position (Pos): goalkeeper (GK) | club (Squad): Southampton | age (Age): 26 | birth_year (Born): 1998 || attacking_stats: goals (Gls): 0 | assists (Ast): 0 | expected_goals (xG): 0.0 | expected_assists (xAG): 0.0 | non_penalty_expected_goals (npxG): 0.0 | expected_goal_involvements (xG+xAG): 0.0 || progression_stats: progressive_carries (PrgC): 0 | progressive_passes (PrgP): 0 | progressive_receptions (PrgR): 0 || usage_stats: matches_played (MP): 30 | starts (Starts): 30 | minutes_played (Min): 2700 | full_match_equivalents (90s): 30.0 || discipline_stats: yellow_cards (CrdY): 2 | red_cards (CrdR): 0 || tags: nation_eng | position_goalkeeper | medium_goals | medium_assists | low_expected_goals | low_expected_assists | low_progressive_carries | low_progressive_passes | low_progressive_receptions | elite_minutes_played | regular_starter
position_goalkeeper regular_starter elite_minutes_played high_minutes_played matches_played starts minutes_played,David Raya,Arsenal,GK,ESP,28,38,38,3420,38.0,3,0,6.695923675996994,identity: player (Player): David Raya | nation (Nation): ESP | position (Pos): goalkeeper (GK) | club (Squad): Arsenal | age (Age): 28 | birth_year (Born): 1995 || attacking_stats: goals (Gls): 0 | assists (Ast): 0 | expected_goals (xG): 0.0 | expected_assists (xAG): 0.0 | non_penalty_expected_goals (npxG): 0.0 | expected_goal_involvements (xG+xAG): 0.0 || progression_stats: progressive_carries (PrgC): 0 | progressive_passes (PrgP): 14 | progressive_receptions (PrgR): 0 || usage_stats: matches_played (MP): 38 | starts (Starts): 38 | minutes_played (Min): 3420 | full_match_equivalents (90s): 38.0 || discipline_stats: yellow_cards (CrdY): 3 | red_cards (CrdR): 0 || tags: nation_esp | position_goalkeeper | medium_goals | medium_assists | low_expected_goals | low_expected_assists | low_progressive_carries | low_progressive_passes | low_progressive_receptions | elite_minutes_played | regular_starter
position_goalkeeper regular_starter elite_minutes_played high_minutes_played matches_played starts minutes_played,José Sá,Wolves,GK,POR,31,29,29,2609,29.0,2,0,6.695923675996994,identity: player (Player): José Sá | nation (Nation): POR | position (Pos): goalkeeper (GK) | club (Squad): Wolves | age (Age): 31 | birth_year (Born): 1993 || attacking_stats: goals (Gls): 0 | assists (Ast): 0 | expected_goals (xG): 0.0 | expected_assists (xAG): 0.2 | non_penalty_expected_goals (npxG): 0.0 | expected_goal_involvements (xG+xAG): 0.01 || progression_stats: progressive_carries (PrgC): 0 | progressive_passes (PrgP): 2 | progressive_receptions (PrgR): 0 || usage_stats: matches_played (MP): 29 | starts (Starts): 29 | minutes_played (Min): 2609 | full_match_equivalents (90s): 29.0 || discipline_stats: yellow_cards (CrdY): 2 | red_cards (CrdR): 0 || tags: nation_por | position_goalkeeper | medium_goals | medium_assists | low_expected_goals | low_expected_assists | low_progressive_carries | low_progressive_passes | low_progressive_receptions | elite_minutes_played | regular_starter
position_goalkeeper regular_starter elite_minutes_played high_minutes_played matches_played starts minutes_played,Marco Carnesecchi,Atalanta,GK,ITA,24,34,34,3060,34.0,1,0,6.695923675996994,identity: player (Player): Marco Carnesecchi | nation (Nation): ITA | position (Pos): goalkeeper (GK) | club (Squad): Atalanta | age (Age): 24 | birth_year (Born): 2000 || attacking_stats: goals (Gls): 0 | assists (Ast): 0 | expected_goals (xG): 0.0 | expected_assists (xAG): 0.2 | non_penalty_expected_goals (npxG): 0.0 | expected_goal_involvements (xG+xAG): 0.01 || progression_stats: progressive_carries (PrgC): 0 | progressive_passes (PrgP): 0 | progressive_receptions (PrgR): 0 || usage_stats: matches_played (MP): 34 | starts (Starts): 34 | minutes_played (Min): 3060 | full_match_equivalents (90s): 34.0 || discipline_stats: yellow_cards (CrdY): 1 | red_cards (CrdR): 0 || tags: nation_ita | position_goalkeeper | medium_goals | medium_assists | low_expected_goals | low_expected_assists | low_progressive_carries | low_progressive_passes | low_progressive_receptions | elite_minutes_played | regular_starter
position_goalkeeper regular_starter elite_minutes_played high_minutes_played matches_played starts minutes_played,Wladimiro Falcone,Lecce,GK,ITA,29,38,38,3420,38.0,2,0,6.695923675996994,identity: player (Player): Wladimiro Falcone | nation (Nation): ITA | position (Pos): goalkeeper (GK) | club (Squad): Lecce | age (Age): 29 | birth_year (Born): 1995 || attacking_stats: goals (Gls): 0 | assists (Ast): 0 | expected_goals (xG): 0.0 | expected_assists (xAG): 0.0 | non_penalty_expected_goals (npxG): 0.0 | expected_goal_involvements (xG+xAG): 0.0 || progression_stats: progressive_carries (PrgC): 0 | progressive_passes (PrgP): 0 | progressive_receptions (PrgR): 0 || usage_stats: matches_played (MP): 38 | starts (Starts): 38 | minutes_played (Min): 3420 | full_match_equivalents (90s): 38.0 || discipline_stats: yellow_cards (CrdY): 2 | red_cards (CrdR): 0 || tags: nation_ita | position_goalkeeper | medium_goals | medium_assists | low_expected_goals | low_expected_assists | low_progressive_carries | low_progressive_passes | low_progressive_receptions | elite_minutes_played | regular_starter
position_goalkeeper regular_starter elite_minutes_played high_minutes_played matches_played starts minutes_played,Nicola Leali,Genoa,GK,ITA,31,29,29,2610,29.0,1,0,6.695923675996994,identity: player (Player): Nicola Leali | nation (Nation): ITA | position (Pos): goalkeeper (GK) | club (Squad): Genoa | age (Age): 31 | birth_year (Born): 1993 || attacking_stats: goals (Gls): 0 | assists (Ast): 0 | expected_goals (xG): 0.0 | expected_assists (xAG): 0.0 | non_penalty_expected_goals (npxG): 0.0 | expected_goal_involvements (xG+xAG): 0.0 || progression_stats: progressive_carries (PrgC): 0 | progressive_passes (PrgP): 0 | progressive_receptions (PrgR): 0 || usage_stats: matches_played (MP): 29 | starts (Starts): 29 | minutes_played (Min): 2610 | full_match_equivalents (90s): 29.0 || discipline_stats: yellow_cards (CrdY): 1 | red_cards (CrdR): 0 || tags: nation_ita | position_goalkeeper | medium_goals | medium_assists | low_expected_goals | low_expected_assists | low_progressive_carries | low_progressive_passes | low_progressive_receptions | elite_minutes_played | regular_starter
position_goalkeeper regular_starter elite_minutes_played high_minutes_played matches_played starts minutes_played,Mike Maignan,Milan,GK,FRA,29,37,37,3294,36.6,1,0,6.695923675996994,identity: player (Player): Mike Maignan | nation (Nation): FRA | position (Pos): goalkeeper (GK) | club (Squad): Milan | age (Age): 29 | birth_year (Born): 1995 || attacking_stats: goals (Gls): 0 | assists (Ast): 0 | expected_goals (xG): 0.0 | expected_assists (xAG): 0.8 | non_penalty_expected_goals (npxG): 0.0 | expected_goal_involvements (xG+xAG): 0.02 || progression_stats: progressive_carries (PrgC): 0 | progressive_passes (PrgP): 4 | progressive_receptions (PrgR): 0 || usage_stats: matches_played (MP): 37 | starts (Starts): 37 | minutes_played (Min): 3294 | full_match_equivalents (90s): 36.6 || discipline_stats: yellow_cards (CrdY): 1 | red_cards (CrdR): 0 || tags: nation_fra | position_goalkeeper | medium_goals | medium_assists | low_expected_goals | medium_expected_assists | low_progressive_carries | low_progressive_passes | low_progressive_receptions | elite_minutes_played | regular_starter
position_goalkeeper regular_starter elite_minutes_played high_minutes_played matches_played starts minutes_played,Alex Meret,Napoli,GK,ITA,27,34,34,3005,33.4,0,0,6.695923675996994,identity: player (Player): Alex Meret | nation (Nation): ITA | position (Pos): goalkeeper (GK) | club (Squad): Napoli | age (Age): 27 | birth_year (Born): 1997 || attacking_stats: goals (Gls): 0 | assists (Ast): 0 | expected_goals (xG): 0.0 | expected_assists (xAG): 0.0 | non_penalty_expected_goals (npxG): 0.0 | expected_goal_involvements (xG+xAG): 0.0 || progression_stats: progressive_carries (PrgC): 0 | progressive_passes (PrgP): 1 | progressive_receptions (PrgR): 0 || usage_stats: matches_played (MP): 34 | starts (Starts): 34 | minutes_played (Min): 3005 | full_match_equivalents (90s): 33.4 || discipline_stats: yellow_cards (CrdY): 0 | red_cards (CrdR): 0 || tags: nation_ita | position_goalkeeper | medium_goals | medium_assists | low_expected_goals | low_expected_assists | low_progressive_carries | low_progressive_passes | low_progressive_receptions | elite_minutes_played | regular_starter
position_goalkeeper regular_starter elite_minutes_played high_minutes_played matches_played starts minutes_played,Ivan Provedel,Lazio,GK,ITA,30,29,29,2610,29.0,0,0,6.695923675996994,identity: player (Player): Ivan Provedel | nation (Nation): ITA | position (Pos): goalkeeper (GK) | club (Squad): Lazio | age (Age): 30 | birth_year (Born): 1994 || attacking_stats: goals (Gls): 0 | assists (Ast): 0 | expected_goals (xG): 0.0 | expected_assists (xAG): 0.3 | non_penalty_expected_goals (npxG): 0.0 | expected_goal_involvements (xG+xAG): 0.01 || progression_stats: progressive_carries (PrgC): 0 | progressive_passes (PrgP): 4 | progressive_receptions (PrgR): 0 || usage_stats: matches_played (MP): 29 | starts (Starts): 29 | minutes_played (Min): 2610 | full_match_equivalents (90s): 29.0 || discipline_stats: yellow_cards (CrdY): 0 | red_cards (CrdR): 0 || tags: nation_ita | position_goalkeeper | medium_goals | medium_assists | low_expected_goals | low_expected_assists | low_progressive_carries | low_progressive_passes | low_progressive_receptions | elite_minutes_played | regular_starter
position_goalkeeper regular_starter elite_minutes_played high_minutes_played matches_played starts minutes_played,Łukasz Skorupski,Bologna,GK,POL,33,27,27,2364,26.3,1,0,6.695923675996994,identity: player (Player): Łukasz Skorupski | nation (Nation): POL | position (Pos): goalkeeper (GK) | club (Squad): Bologna | age (Age): 33 | birth_year (Born): 1991 || attacking_stats: goals (Gls): 0 | assists (Ast): 0 | expected_goals (xG): 0.0 | expected_assists (xAG): 0.0 | non_penalty_expected_goals (npxG): 0.0 | expected_goal_involvements (xG+xAG): 0.0 || progression_stats: progressive_carries (PrgC): 0 | progressive_passes (PrgP): 0 | progressive_receptions (PrgR): 0 || usage_stats: matches_played (MP): 27 | starts (Starts): 27 | minutes_played (Min): 2364 | full_match_equivalents (90s): 26.3 || discipline_stats: yellow_cards (CrdY): 1 | red_cards (CrdR): 0 || tags: nation_pol | position_goalkeeper | medium_goals | medium_assists | low_expected_goals | low_expected_assists | low_progressive_carries | low_progressive_passes | low_progressive_receptions | elite_minutes_played | regular_starter
position_goalkeeper regular_starter elite_minutes_played high_minutes_played matches_played starts minutes_played,Yann Sommer,Inter,GK,SUI,35,32,32,2880,32.0,0,0,6.695923675996994,identity: player (Player): Yann Sommer | nation (Nation): SUI | position (Pos): goalkeeper (GK) | club (Squad): Inter | age (Age): 35 | birth_year (Born): 1988 || attacking_stats: goals (Gls): 0 | assists (Ast): 0 | expected_goals (xG): 0.0 | expected_assists (xAG): 0.0 | non_penalty_expected_goals (npxG): 0.0 | expected_goal_involvements (xG+xAG): 0.0 || progression_stats: progressive_carries (PrgC): 0 | progressive_passes (PrgP): 1 | progressive_receptions (PrgR): 0 || usage_stats: matches_played (MP): 32 | starts (Starts): 32 | minutes_played (Min): 2880 | full_match_equivalents (90s): 32.0 || discipline_stats: yellow_cards (CrdY): 0 | red_cards (CrdR): 0 || tags: nation_sui | position_goalkeeper | medium_goals | medium_assists | low_expected_goals | low_expected_assists | low_progressive_carries | low_progressive_passes | low_progressive_receptions | elite_minutes_played | regular_starter
position_goalkeeper regular_starter elite_minutes_played high_minutes_played matches_played starts minutes_played,Zion Suzuki,Parma,GK,JPN,21,37,37,3314,36.8,2,1,6.695923675996994,identity: player (Player): Zion Suzuki | nation (Nation): JPN | position (Pos): goalkeeper (GK) | club (Squad): Parma | age (Age): 21 | birth_year (Born): 2002 || attacking_stats: goals (Gls): 0 | assists (Ast): 0 | expected_goals (xG): 0.0 | expected_assists (xAG): 0.0 | non_penalty_expected_goals (npxG): 0.0 | expected_goal_involvements (xG+xAG): 0.0 || progression_stats: progressive_carries (PrgC): 0 | progressive_passes (PrgP): 0 | progressive_receptions (PrgR): 0 || usage_stats: matches_played (MP): 37 | starts (Starts): 37 | minutes_played (Min): 3314 | full_match_equivalents (90s): 36.8 || discipline_stats: yellow_cards (CrdY): 2 | red_cards (CrdR): 1 || tags: nation_jpn | position_goalkeeper | medium_goals | medium_assists | low_expected_goals | low_expected_assists | low_progressive_carries | low_progressive_passes | low_progressive_receptions | elite_minutes_played | regular_starter
position_goalkeeper regular_starter elite_minutes_played high_minutes_played matches_played starts minutes_played,Mile Svilar,Roma,GK,SRB,24,38,38,3420,38.0,1,0,6.695923675996994,identity: player (Player): Mile Svilar | nation (Nation): SRB | position (Pos): goalkeeper (GK) | club (Squad): Roma | age (Age): 24 | birth_year (Born): 1999 || attacking_stats: goals (Gls): 0 | assists (Ast): 0 | expected_goals (xG): 0.0 | expected_assists (xAG): 0.0 | non_penalty_expected_goals (npxG): 0.0 | expected_goal_involvements (xG+xAG): 0.0 || progression_stats: progressive_carries (PrgC): 0 | progressive_passes (PrgP): 2 | progressive_receptions (PrgR): 0 || usage_stats: matches_played (MP): 38 | starts (Starts): 38 | minutes_played (Min): 3420 | full_match_equivalents (90s): 38.0 || discipline_stats: yellow_cards (CrdY): 1 | red_cards (CrdR): 0 || tags: nation_srb | position_goalkeeper | medium_goals | medium_assists | low_expected_goals | low_expected_assists | low_progressive_carries | low_progressive_passes | low_progressive_receptions | elite_minutes_played | regular_starter
position_goalkeeper regular_starter elite_minutes_played high_minutes_played matches_played starts minutes_played,Stefano Turati,Monza,GK,ITA,22,30,30,2676,29.7,1,0,6.695923675996994,identity: player (Player): Stefano Turati | nation (Nation): ITA | position (Pos): goalkeeper (GK) | club (Squad): Monza | age (Age): 22 | birth_year (Born): 2001 || attacking_stats: goals (Gls): 0 | assists (Ast): 0 | expected_goals (xG): 0.0 | expected_assists (xAG): 0.0 | non_penalty_expected_goals (npxG): 0.0 | expected_goal_involvements (xG+xAG): 0.0 || progression_stats: progressive_carries (PrgC): 0 | progressive_passes (PrgP): 0 | progressive_receptions (PrgR): 0 || usage_stats: matches_played (MP): 30 | starts (Starts): 30 | minutes_played (Min): 2676 | full_match_equivalents (90s): 29.7 || discipline_stats: yellow_cards (CrdY): 1 | red_cards (CrdR): 0 || tags: nation_ita | position_goalkeeper | medium_goals | medium_assists | low_expected_goals | low_expected_assists | low_progressive_carries | low_progressive_passes | low_progressive_receptions | elite_minutes_played | regular_starter
position_goalkeeper regular_starter elite_minutes_played high_minutes_played matches_played starts minutes_played,Oliver Baumann,Hoffenheim,GK,GER,34,28,28,2520,28.0,1,0,6.695923675996994,identity: player (Player): Oliver Baumann | nation (Nation): GER | position (Pos): goalkeeper (GK) | club (Squad): Hoffenheim | age (Age): 34 | birth_year (Born): 1990 || attacking_stats: goals (Gls): 0 | assists (Ast): 0 | expected_goals (xG): 0.0 | expected_assists (xAG): 1.0 | non_penalty_expected_goals (npxG): 0.0 | expected_goal_involvements (xG+xAG): 0.03 || progression_stats: progressive_carries (PrgC): 0 | progressive_passes (PrgP): 1 | progressive_receptions (PrgR): 0 || usage_stats: matches_played (MP): 28 | starts (Starts): 28 | minutes_played (Min): 2520 | full_match_equivalents (90s): 28.0 || discipline_stats: yellow_cards (CrdY): 1 | red_cards (CrdR): 0 || tags: nation_ger | position_goalkeeper | medium_goals | medium_assists | low_expected_goals | medium_expected_assists | low_progressive_carries | low_progressive_passes | low_progressive_receptions | elite_minutes_played | regular_starter
position_goalkeeper regular_starter elite_minutes_played high_minutes_played matches_played starts minutes_played,Kamil Grabara,Wolfsburg,GK,POL,25,29,29,2585,28.7,2,0,6.695923675996994,identity: player (Player): Kamil Grabara | nation (Nation): POL | position (Pos): goalkeeper (GK) | club (Squad): Wolfsburg | age (Age): 25 | birth_year (Born): 1999 || attacking_stats: goals (Gls): 0 | assists (Ast): 0 | expected_goals (xG): 0.0 | expected_assists (xAG): 0.0 | non_penalty_expected_goals (npxG): 0.0 | expected_goal_involvements (xG+xAG): 0.0 || progression_stats: progressive_carries (PrgC): 0 | progressive_passes (PrgP): 2 | progressive_receptions (PrgR): 0 || usage_stats: matches_played (MP): 29 | starts (Starts): 29 | minutes_played (Min): 2585 | full_match_equivalents (90s): 28.7 || discipline_stats: yellow_cards (CrdY): 2 | red_cards (CrdR): 0 || tags: nation_pol | position_goalkeeper | medium_goals | medium_assists | low_expected_goals | low_expected_assists | low_progressive_carries | low_progressive_passes | low_progressive_receptions | elite_minutes_played | regular_starter
position_goalkeeper regular_starter elite_minutes_played high_minutes_played matches_played starts minutes_played,Gregor Kobel,Dortmund,GK,SUI,26,32,32,2880,32.0,1,0,6.695923675996994,identity: player (Player): Gregor Kobel | nation (Nation): SUI | position (Pos): goalkeeper (GK) | club (Squad): Dortmund | age (Age): 26 | birth_year (Born): 1997 || attacking_stats: goals (Gls): 0 | assists (Ast): 0 | expected_goals (xG): 0.0 | expected_assists (xAG): 0.0 | non_penalty_expected_goals (npxG): 0.0 | expected_goal_involvements (xG+xAG): 0.0 || progression_stats: progressive_carries (PrgC): 0 | progressive_passes (PrgP): 1 | progressive_receptions (PrgR): 0 || usage_stats: matches_played (MP): 32 | starts (Starts): 32 | minutes_played (Min): 2880 | full_match_equivalents (90s): 32.0 || discipline_stats: yellow_cards (CrdY): 1 | red_cards (CrdR): 0 || tags: nation_sui | position_goalkeeper | medium_goals | medium_assists | low_expected_goals | low_expected_assists | low_progressive_carries | low_progressive_passes | low_progressive_receptions | elite_minutes_played | regular_starter
position_goalkeeper regular_starter elite_minutes_played high_minutes_played matches_played starts minutes_played,Paulo Gazzaniga,Girona,GK,ARG,32,36,36,3195,35.5,4,0,6.695923675996994,identity: player (Player): Paulo Gazzaniga | nation (Nation): ARG | position (Pos): goalkeeper (GK) | club (Squad): Girona | age (Age): 32 | birth_year (Born): 1992 || attacking_stats: goals (Gls): 0 | assists (Ast): 0 | expected_goals (xG): 0.0 | expected_assists (xAG): 0.0 | non_penalty_expected_goals (npxG): 0.0 | expected_goal_involvements (xG+xAG): 0.0 || progression_stats: progressive_carries (PrgC): 0 | progressive_passes (PrgP): 0 | progressive_receptions (PrgR): 0 || usage_stats: matches_played (MP): 36 | starts (Starts): 36 | minutes_played (Min): 3195 | full_match_equivalents (90s): 35.5 || discipline_stats: yellow_cards (CrdY): 4 | red_cards (CrdR): 0 || tags: nation_arg | position_goalkeeper | medium_goals | medium_assists | low_expected_goals | low_expected_assists | low_progressive_carries | low_progressive_passes | low_progressive_receptions | elite_minutes_played | regular_starter
position_goalkeeper regular_starter elite_minutes_played high_minutes_played matches_played starts minutes_played,Dominik Greif,Mallorca,GK,SVK,27,31,31,2790,31.0,1,0,6.695923675996994,identity: player (Player): Dominik Greif | nation (Nation): SVK | position (Pos): goalkeeper (GK) | club (Squad): Mallorca | age (Age): 27 | birth_year (Born): 1997 || attacking_stats: goals (Gls): 0 | assists (Ast): 0 | expected_goals (xG): 0.0 | expected_assists (xAG): 0.0 | non_penalty_expected_goals (npxG): 0.0 | expected_goal_involvements (xG+xAG): 0.0 || progression_stats: progressive_carries (PrgC): 0 | progressive_passes (PrgP): 0 | progressive_receptions (PrgR): 0 || usage_stats: matches_played (MP): 31 | starts (Starts): 31 | minutes_played (Min): 2790 | full_match_equivalents (90s): 31.0 || discipline_stats: yellow_cards (CrdY): 1 | red_cards (CrdR): 0 || tags: nation_svk | position_goalkeeper | medium_goals | medium_assists | low_expected_goals | low_expected_assists | low_progressive_carries | low_progressive_passes | low_progressive_receptions | elite_minutes_played | regular_starter
position_goalkeeper regular_starter elite_minutes_played high_minutes_played matches_played starts minutes_played,Sergio Herrera,Osasuna,GK,ESP,31,37,37,3330,37.0,5,0,6.695923675996994,identity: player (Player): Sergio Herrera | nation (Nation): ESP | position (Pos): goalkeeper (GK) | club (Squad): Osasuna | age (Age): 31 | birth_year (Born): 1993 || attacking_stats: goals (Gls): 0 | assists (Ast): 0 | expected_goals (xG): 0.0 | expected_assists (xAG): 0.0 | non_penalty_expected_goals (npxG): 0.0 | expected_goal_involvements (xG+xAG): 0.0 || progression_stats: progressive_carries (PrgC): 0 | progressive_passes (PrgP): 2 | progressive_receptions (PrgR): 0 || usage_stats: matches_played (MP): 37 | starts (Starts): 37 | minutes_played (Min): 3330 | full_match_equivalents (90s): 37.0 || discipline_stats: yellow_cards (CrdY): 5 | red_cards (CrdR): 0 || tags: nation_esp | position_goalkeeper | medium_goals | medium_assists | low_expected_goals | low_expected_assists | low_progressive_carries | low_progressive_passes | low_progressive_receptions | elite_minutes_played | regular_starter
position_goalkeeper regular_starter elite_minutes_played high_minutes_played matches_played starts minutes_played,Giorgi Mamardashvili,Valencia,GK,GEO,23,34,34,3060,34.0,2,0,6.695923675996994,identity: player (Player): Giorgi Mamardashvili | nation (Nation): GEO | position (Pos): goalkeeper (GK) | club (Squad): Valencia | age (Age): 23 | birth_year (Born): 2000 || attacking_stats: goals (Gls): 0 | assists (Ast): 0 | expected_goals (xG): 0.0 | expected_assists (xAG): 0.1 | non_penalty_expected_goals (npxG): 0.0 | expected_goal_involvements (xG+xAG): 0.0 || progression_stats: progressive_carries (PrgC): 1 | progressive_passes (PrgP): 0 | progressive_receptions (PrgR): 0 || usage_stats: matches_played (MP): 34 | starts (Starts): 34 | minutes_played (Min): 3060 | full_match_equivalents (90s): 34.0 || discipline_stats: yellow_cards (CrdY): 2 | red_cards (CrdR): 0 || tags: nation_geo | position_goalkeeper | medium_goals | medium_assists | low_expected_goals | low_expected_assists | low_progressive_carries | low_progressive_passes | low_progressive_receptions | elite_minutes_played | regular_starter
position_goalkeeper regular_starter elite_minutes_played high_minutes_played matches_played starts minutes_played,Ørjan Nyland,Sevilla,GK,NOR,33,30,30,2673,29.7,2,0,6.695923675996994,identity: player (Player): Ørjan Nyland | nation (Nation): NOR | position (Pos): goalkeeper (GK) | club (Squad): Sevilla | age (Age): 33 | birth_year (Born): 1990 || attacking_stats: goals (Gls): 0 | assists (Ast): 0 | expected_goals (xG): 0.0 | expected_assists (xAG): 0.3 | non_penalty_expected_goals (npxG): 0.0 | expected_goal_involvements (xG+xAG): 0.01 || progression_stats: progressive_carries (PrgC): 0 | progressive_passes (PrgP): 1 | progressive_receptions (PrgR): 0 || usage_stats: matches_played (MP): 30 | starts (Starts): 30 | minutes_played (Min): 2673 | full_match_equivalents (90s): 29.7 || discipline_stats: yellow_cards (CrdY): 2 | red_cards (CrdR): 0 || tags: nation_nor | position_goalkeeper | medium_goals | medium_assists | low_expected_goals | low_expected_assists | low_progressive_carries | low_progressive_passes | low_progressive_receptions | elite_minutes_played | regular_starter
position_goalkeeper regular_starter elite_minutes_played high_minutes_played matches_played starts minutes_played,David Soria,Getafe,GK,ESP,31,38,38,3420,38.0,2,0,6.695923675996994,identity: player (Player): David Soria | nation (Nation): ESP | position (Pos): goalkeeper (GK) | club (Squad): Getafe | age (Age): 31 | birth_year (Born): 1993 || attacking_stats: goals (Gls): 0 | assists (Ast): 0 | expected_goals (xG): 0.0 | expected_assists (xAG): 0.0 | non_penalty_expected_goals (npxG): 0.0 | expected_goal_involvements (xG+xAG): 0.0 || progression_stats: progressive_carries (PrgC): 0 | progressive_passes (PrgP): 1 | progressive_receptions (PrgR): 0 || usage_stats: matches_played (MP): 38 | starts (Starts): 38 | minutes_played (Min): 3420 | full_match_equivalents (90s): 38.0 || discipline_stats: yellow_cards (CrdY): 2 | red_cards (CrdR): 0 || tags: nation_esp | position_goalkeeper | medium_goals | medium_assists | low_expected_goals | low_expected_assists | low_progressive_carries | low_progressive_passes | low_progressive_receptions | elite_minutes_played | regular_starter
position_goalkeeper regular_starter elite_minutes_played high_minutes_played matches_played starts minutes_played,Marco Bizot,Brest,GK,NED,33,32,32,2880,32.0,4,0,6.695923675996994,identity: player (Player): Marco Bizot | nation (Nation): NED | position (Pos): goalkeeper (GK) | club (Squad): Brest | age (Age): 33 | birth_year (Born): 1991 || attacking_stats: goals (Gls): 0 | assists (Ast): 0 | expected_goals (xG): 0.0 | expected_assists (xAG): 0.0 | non_penalty_expected_goals (npxG): 0.0 | expected_goal_involvements (xG+xAG): 0.0 || progression_stats: progressive_carries (PrgC): 0 | progressive_passes (PrgP): 1 | progressive_receptions (PrgR): 0 || usage_stats: matches_played (MP): 32 | starts (Starts): 32 | minutes_played (Min): 2880 | full_match_equivalents (90s): 32.0 || discipline_stats: yellow_cards (CrdY): 4 | red_cards (CrdR): 0 || tags: nation_ned | position_goalkeeper | medium_goals | medium_assists | low_expected_goals | low_expected_assists | low_progressive_carries | low_progressive_passes | low_progressive_receptions | elite_minutes_played | regular_starter
position_goalkeeper regular_starter elite_minutes_played high_minutes_played matches_played starts minutes_played,Lucas Chevalier,Lille,GK,FRA,22,34,34,3060,34.0,0,0,6.695923675996994,identity: player (Player): Lucas Chevalier | nation (Nation): FRA | position (Pos): goalkeeper (GK) | club (Squad): Lille | age (Age): 22 | birth_year (Born): 2001 || attacking_stats: goals (Gls): 0 | assists (Ast): 0 | expected_goals (xG): 0.0 | expected_assists (xAG): 0.9 | non_penalty_expected_goals (npxG): 0.0 | expected_goal_involvements (xG+xAG): 0.03 || progression_stats: progressive_carries (PrgC): 0 | progressive_passes (PrgP): 1 | progressive_receptions (PrgR): 0 || usage_stats: matches_played (MP): 34 | starts (Starts): 34 | minutes_played (Min): 3060 | full_match_equivalents (90s): 34.0 || discipline_stats: yellow_cards (CrdY): 0 | red_cards (CrdR): 0 || tags: nation_fra | position_goalkeeper | medium_goals | medium_assists | low_expected_goals | medium_expected_assists | low_progressive_carries | low_progressive_passes | low_progressive_receptions | elite_minutes_played | regular_starter
position_goalkeeper regular_starter elite_minutes_played high_minutes_played matches_played starts minutes_played,Yehvann Diouf,Reims,GK,SEN,24,34,34,3060,34.0,1,0,6.695923675996994,identity: player (Player): Yehvann Diouf | nation (Nation): SEN | position (Pos): goalkeeper (GK) | club (Squad): Reims | age (Age): 24 | birth_year (Born): 1999 || attacking_stats: goals (Gls): 0 | assists (Ast): 0 | expected_goals (xG): 0.1 | expected_assists (xAG): 0.0 | non_penalty_expected_goals (npxG): 0.1 | expected_goal_involvements (xG+xAG): 0.0 || progression_stats: progressive_carries (PrgC): 0 | progressive_passes (PrgP): 1 | progressive_receptions (PrgR): 0 || usage_stats: matches_played (MP): 34 | starts (Starts): 34 | minutes_played (Min): 3060 | full_match_equivalents (90s): 34.0 || discipline_stats: yellow_cards (CrdY): 1 | red_cards (CrdR): 0 || tags: nation_sen | position_goalkeeper | medium_goals | medium_assists | low_expected_goals | low_expected_assists | low_progressive_carries | low_progressive_passes | low_progressive_receptions | elite_minutes_played | regular_starter
position_goalkeeper regular_starter elite_minutes_played high_minutes_played matches_played starts minutes_played,Yahia Fofana,Angers,GK,CIV,23,33,33,2970,33.0,4,0,6.695923675996994,identity: player (Player): Yahia Fofana | nation (Nation): CIV | position (Pos): goalkeeper (GK) | club (Squad): Angers | age (Age): 23 | birth_year (Born): 2000 || attacking_stats: goals (Gls): 0 | assists (Ast): 0 | expected_goals (xG): 0.0 | expected_assists (xAG): 0.1 | non_penalty_expected_goals (npxG): 0.0 | expected_goal_involvements (xG+xAG): 0.0 || progression_stats: progressive_carries (PrgC): 0 | progressive_passes (PrgP): 0 | progressive_receptions (PrgR): 0 || usage_stats: matches_played (MP): 33 | starts (Starts): 33 | minutes_played (Min): 2970 | full_match_equivalents (90s): 33.0 || discipline_stats: yellow_cards (CrdY): 4 | red_cards (CrdR): 0 || tags: nation_civ | position_goalkeeper | medium_goals | medium_assists | low_expected_goals | low_expected_assists | low_progressive_carries | low_progressive_passes | low_progressive_receptions | elite_minutes_played | regular_starter
position_goalkeeper regular_starter elite_minutes_played high_minutes_played matches_played starts minutes_played,Benjamin Lecomte,Montpellier,GK,FRA,33,30,30,2700,30.0,0,0,6.695923675996994,identity: player (Player): Benjamin Lecomte | nation (Nation): FRA | position (Pos): goalkeeper (GK) | club (Squad): Montpellier | age (Age): 33 | birth_year (Born): 1991 || attacking_stats: goals (Gls): 0 | assists (Ast): 0 | expected_goals (xG): 0.0 | expected_assists (xAG): 0.1 | non_penalty_expected_goals (npxG): 0.0 | expected_goal_involvements (xG+xAG): 0.0 || progression_stats: progressive_carries (PrgC): 0 | progressive_passes (PrgP): 1 | progressive_receptions (PrgR): 0 || usage_stats: matches_played (MP): 30 | starts (Starts): 30 | minutes_played (Min): 2700 | full_match_equivalents (90s): 30.0 || discipline_stats: yellow_cards (CrdY): 0 | red_cards (CrdR): 0 || tags: nation_fra | position_goalkeeper | medium_goals | medium_assists | low_expected_goals | low_expected_assists | low_progressive_carries | low_progressive_passes | low_progressive_receptions | elite_minutes_played | regular_starter
position_goalkeeper regular_starter elite_minutes_played high_minutes_played matches_played starts minutes_played,Lucas Perri,Lyon,GK,BRA,26,33,33,2970,33.0,1,0,6.695923675996994,identity: player (Player): Lucas Perri | nation (Nation): BRA | position (Pos): goalkeeper (GK) | club (Squad): Lyon | age (Age): 26 | birth_year (Born): 1997 || attacking_stats: goals (Gls): 0 | assists (Ast): 0 | expected_goals (xG): 0.0 | expected_assists (xAG): 0.0 | non_penalty_expected_goals (npxG): 0.0 | expected_goal_involvements (xG+xAG): 0.0 || progression_stats: progressive_carries (PrgC): 0 | progressive_passes (PrgP): 0 | progressive_receptions (PrgR): 0 || usage_stats: matches_played (MP): 33 | starts (Starts): 33 | minutes_played (Min): 2970 | full_match_equivalents (90s): 33.0 || discipline_stats: yellow_cards (CrdY): 1 | red_cards (CrdR): 0 || tags: nation_bra | position_goalkeeper | medium_goals | medium_assists | low_expected_goals | low_expected_assists | low_progressive_carries | low_progressive_passes | low_progressive_receptions | elite_minutes_played | regular_starter
position_goalkeeper regular_starter elite_minutes_played high_minutes_played matches_played starts minutes_played,Diogo Costa,Porto,GK,POR,24,32,32,2880,32.0,0,0,6.695923675996994,identity: player (Player): Diogo Costa | nation (Nation): POR | position (Pos): goalkeeper (GK) | club (Squad): Porto | age (Age): 24 | birth_year (Born): 1999 || attacking_stats: goals (Gls): 0 | assists (Ast): 0 | expected_goals (xG): 0.0 | expected_assists (xAG): 0.0 | non_penalty_expected_goals (npxG): 0.0 | expected_goal_involvements (xG+xAG): 0.0 || progression_stats: progressive_carries (PrgC): 0 | progressive_passes (PrgP): 0 | progressive_receptions (PrgR): 0 || usage_stats: matches_played (MP): 32 | starts (Starts): 32 | minutes_played (Min): 2880 | full_match_equivalents (90s): 32.0 || discipline_stats: yellow_cards (CrdY): 0 | red_cards (CrdR): 0 || tags: nation_por | position_goalkeeper | medium_goals | medium_assists | low_expected_goals | low_expected_assists | low_progressive_carries | low_progressive_passes | low_progressive_receptions | elite_minutes_played | regular_starter
position_goalkeeper regular_starter elite_minutes_played high_minutes_played matches_played starts minutes_played,Nico Mantl,Arouca,GK,GER,24,29,29,2610,29.0,6,0,6.695923675996994,identity: player (Player): Nico Mantl | nation (Nation): GER | position (Pos): goalkeeper (GK) | club (Squad): Arouca | age (Age): 24 | birth_year (Born): 2000 || attacking_stats: goals (Gls): 0 | assists (Ast): 0 | expected_goals (xG): 0.0 | expected_assists (xAG): 0.0 | non_penalty_expected_goals (npxG): 0.0 | expected_goal_involvements (xG+xAG): 0.0 || progression_stats: progressive_carries (PrgC): 0 | progressive_passes (PrgP): 0 | progressive_receptions (PrgR): 1 || usage_stats: matches_played (MP): 29 | starts (Starts): 29 | minutes_played (Min): 2610 | full_match_equivalents (90s): 29.0 || discipline_stats: yellow_cards (CrdY): 6 | red_cards (CrdR): 0 || tags: nation_ger | position_goalkeeper | medium_goals | medium_assists | low_expected_goals | low_expected_assists | low_progressive_carries | low_progressive_passes | low_progressive_receptions | elite_minutes_played | regular_starter
position_goalkeeper regular_starter elite_minutes_played high_minutes_played matches_played starts minutes_played,Joel Robles,Estoril,GK,ESP,34,29,29,2610,29.0,3,0,6.695923675996994,identity: player (Player): Joel Robles | nation (Nation): ESP | position (Pos): goalkeeper (GK) | club (Squad): Estoril | age (Age): 34 | birth_year (Born): 1990 || attacking_stats: goals (Gls): 0 | assists (Ast): 0 | expected_goals (xG): 0.0 | expected_assists (xAG): 0.0 | non_penalty_expected_goals (npxG): 0.0 | expected_goal_involvements (xG+xAG): 0.0 || progression_stats: progressive_carries (PrgC): 0 | progressive_passes (PrgP): 2 | progressive_receptions (PrgR): 0 || usage_stats: matches_played (MP): 29 | starts (Starts): 29 | minutes_played (Min): 2610 | full_match_equivalents (90s): 29.0 || discipline_stats: yellow_cards (CrdY): 3 | red_cards (CrdR): 0 || tags: nation_esp | position_goalkeeper | medium_goals | medium_assists | low_expected_goals | low_expected_assists | low_progressive_carries | low_progressive_passes | low_progressive_receptions | elite_minutes_played | regular_starter
position_goalkeeper regular_starter elite_minutes_played high_minutes_played matches_played starts minutes_played,Anatolii Trubin,Benfica,GK,UKR,22,32,32,2880,32.0,1,0,6.695923675996994,identity: player (Player): Anatolii Trubin | nation (Nation): UKR | position (Pos): goalkeeper (GK) | club (Squad): Benfica | age (Age): 22 | birth_year (Born): 2001 || attacking_stats: goals (Gls): 0 | assists (Ast): 0 | expected_goals (xG): 0.0 | expected_assists (xAG): 0.0 | non_penalty_expected_goals (npxG): 0.0 | expected_goal_involvements (xG+xAG): 0.0 || progression_stats: progressive_carries (PrgC): 0 | progressive_passes (PrgP): 1 | progressive_receptions (PrgR): 0 || usage_stats: matches_played (MP): 32 | starts (Starts): 32 | minutes_played (Min): 2880 | full_match_equivalents (90s): 32.0 || discipline_stats: yellow_cards (CrdY): 1 | red_cards (CrdR): 0 || tags: nation_ukr | position_goalkeeper | medium_goals | medium_assists | low_expected_goals | low_expected_assists | low_progressive_carries | low_progressive_passes | low_progressive_receptions | elite_minutes_played | regular_starter
position_goalkeeper regular_starter elite_minutes_played high_minutes_played matches_played starts minutes_played,Ricardo Velho,Farense,GK,POR,25,28,28,2520,28.0,1,0,6.695923675996994,identity: player (Player): Ricardo Velho | nation (Nation): POR | position (Pos): goalkeeper (GK) | club (Squad): Farense | age (Age): 25 | birth_year (Born): 1998 || attacking_stats: goals (Gls): 0 | assists (Ast): 0 | expected_goals (xG): 0.0 | expected_assists (xAG): 0.0 | non_penalty_expected_goals (npxG): 0.0 | expected_goal_involvements (xG+xAG): 0.0 || progression_stats: progressive_carries (PrgC): 0 | progressive_passes (PrgP): 2 | progressive_receptions (PrgR): 0 || usage_stats: matches_played (MP): 28 | starts (Starts): 28 | minutes_played (Min): 2520 | full_match_equivalents (90s): 28.0 || discipline_stats: yellow_cards (CrdY): 1 | red_cards (CrdR): 0 || tags: nation_por | position_goalkeeper | medium_goals | medium_assists | low_expected_goals | low_expected_assists | low_progressive_carries | low_progressive_passes | low_progressive_receptions | elite_minutes_played | regular_starter
position_goalkeeper regular_starter elite_minutes_played high_minutes_played matches_played starts minutes_played,Colin Coosemans,Anderlecht,GK,BEL,31,28,28,2520,28.0,0,0,6.695923675996994,identity: player (Player): Colin Coosemans | nation (Nation): BEL | position (Pos): goalkeeper (GK) | club (Squad): Anderlecht | age (Age): 31 | birth_year (Born): 1992 || attacking_stats: goals (Gls): 0 | assists (Ast): 0 | expected_goals (xG): 0.0 | expected_assists (xAG): 0.0 | non_penalty_expected_goals (npxG): 0.0 | expected_goal_involvements (xG+xAG): 0.0 || progression_stats: progressive_carries (PrgC): 0 | progressive_passes (PrgP): 5 | progressive_receptions (PrgR): 0 || usage_stats: matches_played (MP): 28 | starts (Starts): 28 | minutes_played (Min): 2520 | full_match_equivalents (90s): 28.0 || discipline_stats: yellow_cards (CrdY): 0 | red_cards (CrdR): 0 || tags: nation_bel | position_goalkeeper | medium_goals | medium_assists | low_expected_goals | low_expected_assists | low_progressive_carries | low_progressive_passes | low_progressive_receptions | elite_minutes_played | regular_starter
position_goalkeeper regular_starter elite_minutes_played high_minutes_played matches_played starts minutes_played,Leo Kokubo,Sint-Truiden,GK,JPN,23,27,27,2430,27.0,2,0,6.695923675996994,identity: player (Player): Leo Kokubo | nation (Nation): JPN | position (Pos): goalkeeper (GK) | club (Squad): Sint-Truiden | age (Age): 23 | birth_year (Born): 2001 || attacking_stats: goals (Gls): 0 | assists (Ast): 0 | expected_goals (xG): 0.0 | expected_assists (xAG): 0.1 | non_penalty_expected_goals (npxG): 0.0 | expected_goal_involvements (xG+xAG): 0.0 || progression_stats: progressive_carries (PrgC): 0 | progressive_passes (PrgP): 0 | progressive_receptions (PrgR): 0 || usage_stats: matches_played (MP): 27 | starts (Starts): 27 | minutes_played (Min): 2430 | full_match_equivalents (90s): 27.0 || discipline_stats: yellow_cards (CrdY): 2 | red_cards (CrdR): 0 || tags: nation_jpn | position_goalkeeper | medium_goals | medium_assists | low_expected_goals | low_expected_assists | low_progressive_carries | low_progressive_passes | low_progressive_receptions | elite_minutes_played | regular_starter
position_goalkeeper regular_starter elite_minutes_played high_minutes_played matches_played starts minutes_played,Senne Lammens,Antwerp,GK,BEL,22,30,30,2700,30.0,0,0,6.695923675996994,identity: player (Player): Senne Lammens | nation (Nation): BEL | position (Pos): goalkeeper (GK) | club (Squad): Antwerp | age (Age): 22 | birth_year (Born): 2002 || attacking_stats: goals (Gls): 0 | assists (Ast): 0 | expected_goals (xG): 0.0 | expected_assists (xAG): 0.0 | non_penalty_expected_goals (npxG): 0.0 | expected_goal_involvements (xG+xAG): 0.0 || progression_stats: progressive_carries (PrgC): 0 | progressive_passes (PrgP): 0 | progressive_receptions (PrgR): 0 || usage_stats: matches_played (MP): 30 | starts (Starts): 30 | minutes_played (Min): 2700 | full_match_equivalents (90s): 30.0 || discipline_stats: yellow_cards (CrdY): 0 | red_cards (CrdR): 0 || tags: nation_bel | position_goalkeeper | medium_goals | medium_assists | low_expected_goals | low_expected_assists | low_progressive_carries | low_progressive_passes | low_progressive_receptions | elite_minutes_played | regular_starter
position_goalkeeper regular_starter elite_minutes_played high_minutes_played matches_played starts minutes_played,Davy Roef,Gent,GK,BEL,30,26,26,2340,26.0,1,0,6.695923675996994,identity: player (Player): Davy Roef | nation (Nation): BEL | position (Pos): goalkeeper (GK) | club (Squad): Gent | age (Age): 30 | birth_year (Born): 1994 || attacking_stats: goals (Gls): 0 | assists (Ast): 0 | expected_goals (xG): 0.0 | expected_assists (xAG): 0.0 | non_penalty_expected_goals (npxG): 0.0 | expected_goal_involvements (xG+xAG): 0.0 || progression_stats: progressive_carries (PrgC): 0 | progressive_passes (PrgP): 0 | progressive_receptions (PrgR): 0 || usage_stats: matches_played (MP): 26 | starts (Starts): 26 | minutes_played (Min): 2340 | full_match_equivalents (90s): 26.0 || discipline_stats: yellow_cards (CrdY): 1 | red_cards (CrdR): 0 || tags: nation_bel | position_goalkeeper | medium_goals | medium_assists | low_expected_goals | low_expected_assists | low_progressive_carries | low_progressive_passes | low_progressive_receptions | elite_minutes_played | regular_starter
